{"Title":"performance.OverlayLoading-20260625-112353","HostEnvironmentInfo":{"BenchmarkDotNetCaption":"BenchmarkDotNet","BenchmarkDotNetVersion":"0.15.8","OsVersion":"Linux Ubuntu 24.04.4 LTS (Noble Numbat)","ProcessorName":"Intel Xeon Platinum 8370C CPU 2.80GHz","PhysicalProcessorCount":1,"PhysicalCoreCount":2,"LogicalCoreCount":4,"RuntimeVersion":".NET 10.0.9 (10.0.9, 10.0.926.27113)","Architecture":"X64","HasAttachedDebugger":false,"HasRyuJit":true,"Configuration":"RELEASE","DotNetCliVersion":"10.0.301","ChronometerFrequency":{"Hertz":1000000000},"HardwareTimerKind":"Unknown"},"Benchmarks":[{"DisplayInfo":"OverlayLoading.LoadYamlOverlay: ShortRun(IterationCount=3, LaunchCount=1, WarmupCount=3)","Namespace":"performance","Type":"OverlayLoading","Method":"LoadYamlOverlay","MethodTitle":"LoadYamlOverlay","Parameters":"","FullName":"performance.OverlayLoading.LoadYamlOverlay","HardwareIntrinsics":"AVX512 BITALG+VBMI2+VNNI+VPOPCNTDQ,AVX512 IFMA+VBMI,AVX512 F+BW+CD+DQ+VL,AVX2+BMI1+BMI2+F16C+FMA+LZCNT+MOVBE,AVX,SSE3+SSSE3+SSE4.1+SSE4.2+POPCNT,X86Base+SSE+SSE2,AES+PCLMUL VectorSize=256","Statistics":{"OriginalValues":[22503.925659179688,22650.716339111328,22640.22607421875],"N":3,"Min":22503.925659179688,"LowerFence":22461.98285675049,"Q1":22572.07586669922,"Median":22640.22607421875,"Mean":22598.289357503254,"Q3":22645.47120666504,"UpperFence":22755.56421661377,"Max":22650.716339111328,"InterquartileRange":73.39533996582031,"LowerOutliers":[],"UpperOutliers":[],"AllOutliers":[],"StandardError":47.27893147888422,"Variance":6705.892085355086,"StandardDeviation":81.88951144899502,"Skewness":-0.3778064723754411,"Kurtosis":0.666666666666644,"ConfidenceInterval":{"N":3,"Mean":22598.289357503254,"StandardError":47.27893147888422,"Level":12,"Margin":1493.9695300715534,"Lower":21104.3198274317,"Upper":24092.258887574808},"Percentiles":{"P0":22503.925659179688,"P25":22572.07586669922,"P50":22640.22607421875,"P67":22643.792764282225,"P80":22646.520233154297,"P85":22647.569259643555,"P90":22648.618286132812,"P95":22649.66731262207,"P100":22650.716339111328}},"Memory":{"Gen0Collections":35,"Gen1Collections":1,"Gen2Collections":0,"TotalOperations":32768,"BytesAllocatedPerOperation":27104},"Measurements":[{"IterationMode":"Overhead","IterationStage":"Jitting","LaunchIndex":1,"IterationIndex":1,"Operations":1,"Nanoseconds":265320},{"IterationMode":"Workload","IterationStage":"Jitting","LaunchIndex":1,"IterationIndex":1,"Operations":1,"Nanoseconds":51932707},{"IterationMode":"Workload","IterationStage":"Pilot","LaunchIndex":1,"IterationIndex":1,"Operations":2,"Nanoseconds":550739},{"IterationMode":"Workload","IterationStage":"Pilot","LaunchIndex":1,"IterationIndex":2,"Operations":3,"Nanoseconds":649578},{"IterationMode":"Workload","IterationStage":"Pilot","LaunchIndex":1,"IterationIndex":3,"Operations":4,"Nanoseconds":793034},{"IterationMode":"Workload","IterationStage":"Pilot","LaunchIndex":1,"IterationIndex":4,"Operations":5,"Nanoseconds":917140},{"IterationMode":"Workload","IterationStage":"Pilot","LaunchIndex":1,"IterationIndex":5,"Operations":6,"Nanoseconds":1072574},{"IterationMode":"Workload","IterationStage":"Pilot","LaunchIndex":1,"IterationIndex":6,"Operations":7,"Nanoseconds":1261888},{"IterationMode":"Workload","IterationStage":"Pilot","LaunchIndex":1,"IterationIndex":7,"Operations":8,"Nanoseconds":1377524},{"IterationMode":"Workload","IterationStage":"Pilot","LaunchIndex":1,"IterationIndex":8,"Operations":9,"Nanoseconds":1485657},{"IterationMode":"Workload","IterationStage":"Pilot","LaunchIndex":1,"IterationIndex":9,"Operations":10,"Nanoseconds":1644409},{"IterationMode":"Workload","IterationStage":"Pilot","LaunchIndex":1,"IterationIndex":10,"Operations":11,"Nanoseconds":2053782},{"IterationMode":"Workload","IterationStage":"Pilot","LaunchIndex":1,"IterationIndex":11,"Operations":12,"Nanoseconds":2018387},{"IterationMode":"Workload","IterationStage":"Pilot","LaunchIndex":1,"IterationIndex":12,"Operations":13,"Nanoseconds":2124883},{"IterationMode":"Workload","IterationStage":"Pilot","LaunchIndex":1,"IterationIndex":13,"Operations":14,"Nanoseconds":2212416},{"IterationMode":"Workload","IterationStage":"Pilot","LaunchIndex":1,"IterationIndex":14,"Operations":15,"Nanoseconds":2412486},{"IterationMode":"Workload","IterationStage":"Pilot","LaunchIndex":1,"IterationIndex":15,"Operations":16,"Nanoseconds":2563811},{"IterationMode":"Workload","IterationStage":"Pilot","LaunchIndex":1,"IterationIndex":16,"Operations":32,"Nanoseconds":5227973},{"IterationMode":"Workload","IterationStage":"Pilot","LaunchIndex":1,"IterationIndex":17,"Operations":64,"Nanoseconds":10356394},{"IterationMode":"Workload","IterationStage":"Pilot","LaunchIndex":1,"IterationIndex":18,"Operations":128,"Nanoseconds":20445047},{"IterationMode":"Workload","IterationStage":"Pilot","LaunchIndex":1,"IterationIndex":19,"Operations":256,"Nanoseconds":45577193},{"IterationMode":"Workload","IterationStage":"Pilot","LaunchIndex":1,"IterationIndex":20,"Operations":512,"Nanoseconds":121985219},{"IterationMode":"Workload","IterationStage":"Pilot","LaunchIndex":1,"IterationIndex":21,"Operations":1024,"Nanoseconds":243148424},{"IterationMode":"Workload","IterationStage":"Pilot","LaunchIndex":1,"IterationIndex":22,"Operations":2048,"Nanoseconds":240301996},{"IterationMode":"Workload","IterationStage":"Pilot","LaunchIndex":1,"IterationIndex":23,"Operations":4096,"Nanoseconds":201377461},{"IterationMode":"Workload","IterationStage":"Pilot","LaunchIndex":1,"IterationIndex":24,"Operations":8192,"Nanoseconds":213127818},{"IterationMode":"Workload","IterationStage":"Pilot","LaunchIndex":1,"IterationIndex":25,"Operations":16384,"Nanoseconds":368673503},{"IterationMode":"Workload","IterationStage":"Pilot","LaunchIndex":1,"IterationIndex":26,"Operations":32768,"Nanoseconds":741954588},{"IterationMode":"Workload","IterationStage":"Warmup","LaunchIndex":1,"IterationIndex":1,"Operations":32768,"Nanoseconds":744271771},{"IterationMode":"Workload","IterationStage":"Warmup","LaunchIndex":1,"IterationIndex":2,"Operations":32768,"Nanoseconds":741054368},{"IterationMode":"Workload","IterationStage":"Warmup","LaunchIndex":1,"IterationIndex":3,"Operations":32768,"Nanoseconds":740063234},{"IterationMode":"Workload","IterationStage":"Actual","LaunchIndex":1,"IterationIndex":1,"Operations":32768,"Nanoseconds":737408636},{"IterationMode":"Workload","IterationStage":"Actual","LaunchIndex":1,"IterationIndex":2,"Operations":32768,"Nanoseconds":742218673},{"IterationMode":"Workload","IterationStage":"Actual","LaunchIndex":1,"IterationIndex":3,"Operations":32768,"Nanoseconds":741874928},{"IterationMode":"Workload","IterationStage":"Result","LaunchIndex":1,"IterationIndex":1,"Operations":32768,"Nanoseconds":737408636},{"IterationMode":"Workload","IterationStage":"Result","LaunchIndex":1,"IterationIndex":2,"Operations":32768,"Nanoseconds":742218673},{"IterationMode":"Workload","IterationStage":"Result","LaunchIndex":1,"IterationIndex":3,"Operations":32768,"Nanoseconds":741874928}],"Metrics":[{"Value":1.068115234375,"Descriptor":{"Id":"Gen0Collects","DisplayName":"Gen0","Legend":"GC Generation 0 collects per 1000 operations","NumberFormat":"#0.0000","UnitType":0,"Unit":"Count","TheGreaterTheBetter":false,"PriorityInCategory":0}},{"Value":0.030517578125,"Descriptor":{"Id":"Gen1Collects","DisplayName":"Gen1","Legend":"GC Generation 1 collects per 1000 operations","NumberFormat":"#0.0000","UnitType":0,"Unit":"Count","TheGreaterTheBetter":false,"PriorityInCategory":1}},{"Value":0,"Descriptor":{"Id":"Gen2Collects","DisplayName":"Gen2","Legend":"GC Generation 2 collects per 1000 operations","NumberFormat":"#0.0000","UnitType":0,"Unit":"Count","TheGreaterTheBetter":false,"PriorityInCategory":2}},{"Value":27104,"Descriptor":{"Id":"Allocated Memory","DisplayName":"Allocated","Legend":"Allocated memory per single operation (managed only, inclusive, 1KB = 1024B)","NumberFormat":"0.##","UnitType":2,"Unit":"B","TheGreaterTheBetter":false,