{"Title":"performance.OverlayLoading-20260707-100523","HostEnvironmentInfo":{"BenchmarkDotNetCaption":"BenchmarkDotNet","BenchmarkDotNetVersion":"0.15.8","OsVersion":"Linux Ubuntu 24.04.4 LTS (Noble Numbat)","ProcessorName":"AMD EPYC 7763","PhysicalProcessorCount":1,"PhysicalCoreCount":2,"LogicalCoreCount":4,"RuntimeVersion":".NET 10.0.9 (10.0.9, 10.0.926.27113)","Architecture":"X64","HasAttachedDebugger":false,"HasRyuJit":true,"Configuration":"RELEASE","DotNetCliVersion":"10.0.301","ChronometerFrequency":{"Hertz":1000000000},"HardwareTimerKind":"Unknown"},"Benchmarks":[{"DisplayInfo":"OverlayLoading.LoadYamlOverlay: ShortRun(IterationCount=3, LaunchCount=1, WarmupCount=3)","Namespace":"performance","Type":"OverlayLoading","Method":"LoadYamlOverlay","MethodTitle":"LoadYamlOverlay","Parameters":"","FullName":"performance.OverlayLoading.LoadYamlOverlay","HardwareIntrinsics":"AVX2+BMI1+BMI2+F16C+FMA+LZCNT+MOVBE,AVX,SSE3+SSSE3+SSE4.1+SSE4.2+POPCNT,X86Base+SSE+SSE2,AES+PCLMUL VectorSize=256","Statistics":{"OriginalValues":[24505.232330322266,24349.77081298828,24527.06280517578],"N":3,"Min":24349.77081298828,"LowerFence":24294.53257751465,"Q1":24427.501571655273,"Median":24505.232330322266,"Mean":24460.68864949544,"Q3":24516.147567749023,"UpperFence":24649.11656188965,"Max":24527.06280517578,"InterquartileRange":88.64599609375,"LowerOutliers":[],"UpperOutliers":[],"AllOutliers":[],"StandardError":55.81581988903189,"Variance":9346.217249654543,"StandardDeviation":96.67583591391669,"Skewness":-0.3629382104543922,"Kurtosis":0.6666666666666485,"ConfidenceInterval":{"N":3,"Mean":24460.68864949544,"StandardError":55.81581988903189,"Level":12,"Margin":1763.7271317651905,"Lower":22696.96151773025,"Upper":26224.41578126063},"Percentiles":{"P0":24349.77081298828,"P25":24427.501571655273,"P50":24505.232330322266,"P67":24512.654691772463,"P80":24518.330615234376,"P85":24520.513662719728,"P90":24522.696710205077,"P95":24524.87975769043,"P100":24527.06280517578}},"Memory":{"Gen0Collections":53,"Gen1Collections":1,"Gen2Collections":0,"TotalOperations":32768,"BytesAllocatedPerOperation":27104},"Measurements":[{"IterationMode":"Overhead","IterationStage":"Jitting","LaunchIndex":1,"IterationIndex":1,"Operations":1,"Nanoseconds":239499},{"IterationMode":"Workload","IterationStage":"Jitting","LaunchIndex":1,"IterationIndex":1,"Operations":1,"Nanoseconds":57335057},{"IterationMode":"Workload","IterationStage":"Pilot","LaunchIndex":1,"IterationIndex":1,"Operations":2,"Nanoseconds":623208},{"IterationMode":"Workload","IterationStage":"Pilot","LaunchIndex":1,"IterationIndex":2,"Operations":3,"Nanoseconds":725599},{"IterationMode":"Workload","IterationStage":"Pilot","LaunchIndex":1,"IterationIndex":3,"Operations":4,"Nanoseconds":834463},{"IterationMode":"Workload","IterationStage":"Pilot","LaunchIndex":1,"IterationIndex":4,"Operations":5,"Nanoseconds":1085243},{"IterationMode":"Workload","IterationStage":"Pilot","LaunchIndex":1,"IterationIndex":5,"Operations":6,"Nanoseconds":1256664},{"IterationMode":"Workload","IterationStage":"Pilot","LaunchIndex":1,"IterationIndex":6,"Operations":7,"Nanoseconds":1494169},{"IterationMode":"Workload","IterationStage":"Pilot","LaunchIndex":1,"IterationIndex":7,"Operations":8,"Nanoseconds":1632899},{"IterationMode":"Workload","IterationStage":"Pilot","LaunchIndex":1,"IterationIndex":8,"Operations":9,"Nanoseconds":1745981},{"IterationMode":"Workload","IterationStage":"Pilot","LaunchIndex":1,"IterationIndex":9,"Operations":10,"Nanoseconds":1940976},{"IterationMode":"Workload","IterationStage":"Pilot","LaunchIndex":1,"IterationIndex":10,"Operations":11,"Nanoseconds":2153864},{"IterationMode":"Workload","IterationStage":"Pilot","LaunchIndex":1,"IterationIndex":11,"Operations":12,"Nanoseconds":2308083},{"IterationMode":"Workload","IterationStage":"Pilot","LaunchIndex":1,"IterationIndex":12,"Operations":13,"Nanoseconds":2495956},{"IterationMode":"Workload","IterationStage":"Pilot","LaunchIndex":1,"IterationIndex":13,"Operations":14,"Nanoseconds":2721688},{"IterationMode":"Workload","IterationStage":"Pilot","LaunchIndex":1,"IterationIndex":14,"Operations":15,"Nanoseconds":2878352},{"IterationMode":"Workload","IterationStage":"Pilot","LaunchIndex":1,"IterationIndex":15,"Operations":16,"Nanoseconds":3041006},{"IterationMode":"Workload","IterationStage":"Pilot","LaunchIndex":1,"IterationIndex":16,"Operations":32,"Nanoseconds":6355716},{"IterationMode":"Workload","IterationStage":"Pilot","LaunchIndex":1,"IterationIndex":17,"Operations":64,"Nanoseconds":13141586},{"IterationMode":"Workload","IterationStage":"Pilot","LaunchIndex":1,"IterationIndex":18,"Operations":128,"Nanoseconds":25650597},{"IterationMode":"Workload","IterationStage":"Pilot","LaunchIndex":1,"IterationIndex":19,"Operations":256,"Nanoseconds":66070570},{"IterationMode":"Workload","IterationStage":"Pilot","LaunchIndex":1,"IterationIndex":20,"Operations":512,"Nanoseconds":156304966},{"IterationMode":"Workload","IterationStage":"Pilot","LaunchIndex":1,"IterationIndex":21,"Operations":1024,"Nanoseconds":274126267},{"IterationMode":"Workload","IterationStage":"Pilot","LaunchIndex":1,"IterationIndex":22,"Operations":2048,"Nanoseconds":207357139},{"IterationMode":"Workload","IterationStage":"Pilot","LaunchIndex":1,"IterationIndex":23,"Operations":4096,"Nanoseconds":157282532},{"IterationMode":"Workload","IterationStage":"Pilot","LaunchIndex":1,"IterationIndex":24,"Operations":8192,"Nanoseconds":219594722},{"IterationMode":"Workload","IterationStage":"Pilot","LaunchIndex":1,"IterationIndex":25,"Operations":16384,"Nanoseconds":403018861},{"IterationMode":"Workload","IterationStage":"Pilot","LaunchIndex":1,"IterationIndex":26,"Operations":32768,"Nanoseconds":790624363},{"IterationMode":"Workload","IterationStage":"Warmup","LaunchIndex":1,"IterationIndex":1,"Operations":32768,"Nanoseconds":787430277},{"IterationMode":"Workload","IterationStage":"Warmup","LaunchIndex":1,"IterationIndex":2,"Operations":32768,"Nanoseconds":789073685},{"IterationMode":"Workload","IterationStage":"Warmup","LaunchIndex":1,"IterationIndex":3,"Operations":32768,"Nanoseconds":787792045},{"IterationMode":"Workload","IterationStage":"Actual","LaunchIndex":1,"IterationIndex":1,"Operations":32768,"Nanoseconds":802987453},{"IterationMode":"Workload","IterationStage":"Actual","LaunchIndex":1,"IterationIndex":2,"Operations":32768,"Nanoseconds":797893290},{"IterationMode":"Workload","IterationStage":"Actual","LaunchIndex":1,"IterationIndex":3,"Operations":32768,"Nanoseconds":803702794},{"IterationMode":"Workload","IterationStage":"Result","LaunchIndex":1,"IterationIndex":1,"Operations":32768,"Nanoseconds":802987453},{"IterationMode":"Workload","IterationStage":"Result","LaunchIndex":1,"IterationIndex":2,"Operations":32768,"Nanoseconds":797893290},{"IterationMode":"Workload","IterationStage":"Result","LaunchIndex":1,"IterationIndex":3,"Operations":32768,"Nanoseconds":803702794}],"Metrics":[{"Value":1.617431640625,"Descriptor":{"Id":"Gen0Collects","DisplayName":"Gen0","Legend":"GC Generation 0 collects per 1000 operations","NumberFormat":"#0.0000","UnitType":0,"Unit":"Count","TheGreaterTheBetter":false,"PriorityInCategory":0}},{"Value":0.030517578125,"Descriptor":{"Id":"Gen1Collects","DisplayName":"Gen1","Legend":"GC Generation 1 collects per 1000 operations","NumberFormat":"#0.0000","UnitType":0,"Unit":"Count","TheGreaterTheBetter":false,"PriorityInCategory":1}},{"Value":0,"Descriptor":{"Id":"Gen2Collects","DisplayName":"Gen2","Legend":"GC Generation 2 collects per 1000 operations","NumberFormat":"#0.0000","UnitType":0,"Unit":"Count","TheGreaterTheBetter":false,"PriorityInCategory":2}},{"Value":27104,"Descriptor":{"Id":"Allocated Memory","DisplayName":"Allocated","Legend":"Allocated memory per single operation (managed only, inclusive, 1KB = 1024B)","NumberFormat":"0.##","UnitType":2,"Unit":"B","TheGreaterTheBetter":false,