{"Title":"performance.OverlayLoading-20260715-214653","HostEnvironmentInfo":{"BenchmarkDotNetCaption":"BenchmarkDotNet","BenchmarkDotNetVersion":"0.15.8","OsVersion":"Linux Ubuntu 24.04.4 LTS (Noble Numbat)","ProcessorName":"Intel Xeon Platinum 8370C CPU 2.80GHz","PhysicalProcessorCount":1,"PhysicalCoreCount":2,"LogicalCoreCount":4,"RuntimeVersion":".NET 10.0.10 (10.0.10, 10.0.1026.32716)","Architecture":"X64","HasAttachedDebugger":false,"HasRyuJit":true,"Configuration":"RELEASE","DotNetCliVersion":"10.0.302","ChronometerFrequency":{"Hertz":1000000000},"HardwareTimerKind":"Unknown"},"Benchmarks":[{"DisplayInfo":"OverlayLoading.LoadYamlOverlay: ShortRun(IterationCount=3, LaunchCount=1, WarmupCount=3)","Namespace":"performance","Type":"OverlayLoading","Method":"LoadYamlOverlay","MethodTitle":"LoadYamlOverlay","Parameters":"","FullName":"performance.OverlayLoading.LoadYamlOverlay","HardwareIntrinsics":"AVX512 BITALG+VBMI2+VNNI+VPOPCNTDQ,AVX512 IFMA+VBMI,AVX512 F+BW+CD+DQ+VL,AVX2+BMI1+BMI2+F16C+FMA+LZCNT+MOVBE,AVX,SSE3+SSSE3+SSE4.1+SSE4.2+POPCNT,X86Base+SSE+SSE2,AES+PCLMUL VectorSize=256","Statistics":{"OriginalValues":[23148.537567138672,23653.95980834961,23176.32211303711],"N":3,"Min":23148.537567138672,"LowerFence":22783.363159179688,"Q1":23162.42984008789,"Median":23176.32211303711,"Mean":23326.273162841797,"Q3":23415.14096069336,"UpperFence":23794.207641601562,"Max":23653.95980834961,"InterquartileRange":252.71112060546875,"LowerOutliers":[],"UpperOutliers":[],"AllOutliers":[],"StandardError":164.03952621326533,"Variance":80726.89848081768,"StandardDeviation":284.1247938509022,"Skewness":0.38076346158510815,"Kurtosis":0.6666666666666666,"ConfidenceInterval":{"N":3,"Mean":23326.273162841797,"StandardError":164.03952621326533,"Level":12,"Margin":5183.493920530877,"Lower":18142.77924231092,"Upper":28509.767083372673},"Percentiles":{"P0":23148.537567138672,"P25":23162.42984008789,"P50":23176.32211303711,"P67":23338.71892944336,"P80":23462.90473022461,"P85":23510.66849975586,"P90":23558.43226928711,"P95":23606.196038818358,"P100":23653.95980834961}},"Memory":{"Gen0Collections":35,"Gen1Collections":1,"Gen2Collections":0,"TotalOperations":32768,"BytesAllocatedPerOperation":27104},"Measurements":[{"IterationMode":"Overhead","IterationStage":"Jitting","LaunchIndex":1,"IterationIndex":1,"Operations":1,"Nanoseconds":255956},{"IterationMode":"Workload","IterationStage":"Jitting","LaunchIndex":1,"IterationIndex":1,"Operations":1,"Nanoseconds":52633646},{"IterationMode":"Workload","IterationStage":"Pilot","LaunchIndex":1,"IterationIndex":1,"Operations":2,"Nanoseconds":613183},{"IterationMode":"Workload","IterationStage":"Pilot","LaunchIndex":1,"IterationIndex":2,"Operations":3,"Nanoseconds":642120},{"IterationMode":"Workload","IterationStage":"Pilot","LaunchIndex":1,"IterationIndex":3,"Operations":4,"Nanoseconds":843200},{"IterationMode":"Workload","IterationStage":"Pilot","LaunchIndex":1,"IterationIndex":4,"Operations":5,"Nanoseconds":1085541},{"IterationMode":"Workload","IterationStage":"Pilot","LaunchIndex":1,"IterationIndex":5,"Operations":6,"Nanoseconds":1047416},{"IterationMode":"Workload","IterationStage":"Pilot","LaunchIndex":1,"IterationIndex":6,"Operations":7,"Nanoseconds":1242393},{"IterationMode":"Workload","IterationStage":"Pilot","LaunchIndex":1,"IterationIndex":7,"Operations":8,"Nanoseconds":1334344},{"IterationMode":"Workload","IterationStage":"Pilot","LaunchIndex":1,"IterationIndex":8,"Operations":9,"Nanoseconds":1438211},{"IterationMode":"Workload","IterationStage":"Pilot","LaunchIndex":1,"IterationIndex":9,"Operations":10,"Nanoseconds":1611694},{"IterationMode":"Workload","IterationStage":"Pilot","LaunchIndex":1,"IterationIndex":10,"Operations":11,"Nanoseconds":1747302},{"IterationMode":"Workload","IterationStage":"Pilot","LaunchIndex":1,"IterationIndex":11,"Operations":12,"Nanoseconds":1928589},{"IterationMode":"Workload","IterationStage":"Pilot","LaunchIndex":1,"IterationIndex":12,"Operations":13,"Nanoseconds":2063285},{"IterationMode":"Workload","IterationStage":"Pilot","LaunchIndex":1,"IterationIndex":13,"Operations":14,"Nanoseconds":2216234},{"IterationMode":"Workload","IterationStage":"Pilot","LaunchIndex":1,"IterationIndex":14,"Operations":15,"Nanoseconds":2338820},{"IterationMode":"Workload","IterationStage":"Pilot","LaunchIndex":1,"IterationIndex":15,"Operations":16,"Nanoseconds":2502453},{"IterationMode":"Workload","IterationStage":"Pilot","LaunchIndex":1,"IterationIndex":16,"Operations":32,"Nanoseconds":5075741},{"IterationMode":"Workload","IterationStage":"Pilot","LaunchIndex":1,"IterationIndex":17,"Operations":64,"Nanoseconds":10331745},{"IterationMode":"Workload","IterationStage":"Pilot","LaunchIndex":1,"IterationIndex":18,"Operations":128,"Nanoseconds":20191450},{"IterationMode":"Workload","IterationStage":"Pilot","LaunchIndex":1,"IterationIndex":19,"Operations":256,"Nanoseconds":40067865},{"IterationMode":"Workload","IterationStage":"Pilot","LaunchIndex":1,"IterationIndex":20,"Operations":512,"Nanoseconds":114915944},{"IterationMode":"Workload","IterationStage":"Pilot","LaunchIndex":1,"IterationIndex":21,"Operations":1024,"Nanoseconds":244477725},{"IterationMode":"Workload","IterationStage":"Pilot","LaunchIndex":1,"IterationIndex":22,"Operations":2048,"Nanoseconds":307651233},{"IterationMode":"Workload","IterationStage":"Pilot","LaunchIndex":1,"IterationIndex":23,"Operations":4096,"Nanoseconds":204905851},{"IterationMode":"Workload","IterationStage":"Pilot","LaunchIndex":1,"IterationIndex":24,"Operations":8192,"Nanoseconds":209681730},{"IterationMode":"Workload","IterationStage":"Pilot","LaunchIndex":1,"IterationIndex":25,"Operations":16384,"Nanoseconds":379928976},{"IterationMode":"Workload","IterationStage":"Pilot","LaunchIndex":1,"IterationIndex":26,"Operations":32768,"Nanoseconds":766985147},{"IterationMode":"Workload","IterationStage":"Warmup","LaunchIndex":1,"IterationIndex":1,"Operations":32768,"Nanoseconds":759473889},{"IterationMode":"Workload","IterationStage":"Warmup","LaunchIndex":1,"IterationIndex":2,"Operations":32768,"Nanoseconds":758856594},{"IterationMode":"Workload","IterationStage":"Warmup","LaunchIndex":1,"IterationIndex":3,"Operations":32768,"Nanoseconds":754727617},{"IterationMode":"Workload","IterationStage":"Actual","LaunchIndex":1,"IterationIndex":1,"Operations":32768,"Nanoseconds":758531279},{"IterationMode":"Workload","IterationStage":"Actual","LaunchIndex":1,"IterationIndex":2,"Operations":32768,"Nanoseconds":775092955},{"IterationMode":"Workload","IterationStage":"Actual","LaunchIndex":1,"IterationIndex":3,"Operations":32768,"Nanoseconds":759441723},{"IterationMode":"Workload","IterationStage":"Result","LaunchIndex":1,"IterationIndex":1,"Operations":32768,"Nanoseconds":758531279},{"IterationMode":"Workload","IterationStage":"Result","LaunchIndex":1,"IterationIndex":2,"Operations":32768,"Nanoseconds":775092955},{"IterationMode":"Workload","IterationStage":"Result","LaunchIndex":1,"IterationIndex":3,"Operations":32768,"Nanoseconds":759441723}],"Metrics":[{"Value":1.068115234375,"Descriptor":{"Id":"Gen0Collects","DisplayName":"Gen0","Legend":"GC Generation 0 collects per 1000 operations","NumberFormat":"#0.0000","UnitType":0,"Unit":"Count","TheGreaterTheBetter":false,"PriorityInCategory":0}},{"Value":0.030517578125,"Descriptor":{"Id":"Gen1Collects","DisplayName":"Gen1","Legend":"GC Generation 1 collects per 1000 operations","NumberFormat":"#0.0000","UnitType":0,"Unit":"Count","TheGreaterTheBetter":false,"PriorityInCategory":1}},{"Value":0,"Descriptor":{"Id":"Gen2Collects","DisplayName":"Gen2","Legend":"GC Generation 2 collects per 1000 operations","NumberFormat":"#0.0000","UnitType":0,"Unit":"Count","TheGreaterTheBetter":false,"PriorityInCategory":2}},{"Value":27104,"Descriptor":{"Id":"Allocated Memory","DisplayName":"Allocated","Legend":"Allocated memory per single operation (managed only, inclusive, 1KB = 1024B)","NumberFormat":"0.##","UnitType":2,"Unit":"B","TheGreaterTheBetter":false,